set_num,name,year,theme_id,num_parts
0744023726-1,Disney Princess: Enchanted Treasury,2020,497,4
0744023734-1,LEGO Minifigure: A Visual History New Edition,2020,497,5
0744024471-1,100 Ways to Rebuild the World,2020,497,0
10270-1,Bookshop,2020,155,2504
10271-1,Fiat 500,2020,673,960
10272-1,Old Trafford - Manchester United,2020,673,3898
10273-1,Haunted House,2020,673,3232
10274-1,ECTO-1,2020,607,2352
10275-1,Elf Club House,2020,227,1197
10276-1,Colosseum,2020,673,9036
10277-1,Crocodile Locomotive,2020,673,1279
10278-1,Police Station,2021,155,2924
10280-1,Flower Bouquet,2021,673,756
10281-1,Bonsai,2021,673,878
10283-1,NASA Space Shuttle Discovery,2021,673,2355
10289-1,Bird of Paradise,2021,673,1173
10292-1,Friends - The Apartments,2021,673,0
10295-1,Porsche 911 Turbo & 911 Targa,2021,673,1458
10772-1,Mickey Mouse's Propeller Plane,2021,608,0
10773-1,Minnie Mouse's Ice Cream Shop,2021,608,0
10774-1,Mickey Mouse & Minnie Mouse's Space Rocket,2021,608,0
10775-1,Mickey Mouse & Donald Duck's Farm,2021,608,0
10776-1,Mickey & Friends Fire Truck & Station,2021,608,0
10909-1,Heart Box,2020,504,80
10913-1,Brick Box,2020,504,65
10914-1,Deluxe Brick Box,2020,504,85
10915-1,Alphabet Truck,2020,504,36
10917-1,Fire Truck,2020,504,6
10918-1,Tow Truck,2020,504,7
10919-1,Batcave,2020,653,33
10920-1,Elsa & Olaf's Tea Party,2020,504,17
10921-1,Super Heroes Lab,2020,630,30
10922-1,Ariel's Undersea Castle,2020,640,35
10924-1,Lightning McQueen's Race Day,2020,506,42
10925-1,Playroom,2020,504,17
10926-1,Bedroom,2020,504,16
10927-1,Pizza Stand,2020,632,18
10928-1,Bakery,2020,632,46
10929-1,Modular Playhouse,2020,504,133
10930-1,Bulldozer,2020,632,10
10931-1,Truck & Tracked Excavator,2020,632,20
10932-1,Wrecking Ball Demolition,2020,632,56
10933-1,Tower Crane & Construction,2020,632,123
10934-1,Creative Animals,2020,504,175
10939-1,T. rex and Triceratops Dinosaur Breakout,2021,504,0
10940-1,Spider-Man Headquarters,2021,630,0
10941-1,Mickey & Minnie Birthday Train,2021,641,22
10943-1,Happy Childhood Moments,2021,504,231
10944-1,Space Shuttle Mission,2021,504,23
10945-1,Garbage Truck and Recycling,2021,504,0
10946-1,Family Camping Van Adventure,2021,504,0
10947-1,Race Cars,2021,504,0
10948-1,Parking Garage and Car Wash,2021,504,0
10949-1,Farm Animal Care,2021,632,11
10950-1,Farm Tractor & Animal Care,2021,632,27
10951-1,Horse Stable and Pony Care,2021,632,65
10952-1,"Barn, Tractor & Farm Animal Care",2021,632,97
10953-1,Unicorn,2021,504,8
10954-1,Number Train - Learn To Count,2021,504,0
10955-1,Animal Train,2021,504,15
10956-1,Amusement Park,2021,504,0
10957-1,Fire Helicopter & Police Car,2021,504,14
10958-1,Creative Birthday Party,2021,504,200
11006-1,Creative Blue Bricks,2020,621,52
11007-1,Creative Green Bricks,2020,621,60
11008-1,Bricks and Houses,2020,621,270
11009-1,Bricks and Lights,2020,621,441
11010-1,White Baseplate,2020,621,1
11011-1,Bricks and Animals,2020,621,1500
11012-1,Creative White Bricks,2021,621,60
11013-1,Creative Transparent Bricks,2021,621,500
11014-1,Bricks and Wheels,2021,621,653
11015-1,Around The World,2021,621,0
11016-1,Creative Building Bricks,2021,621,1201
112005-1,Cole vs. Nindroid,2020,435,20
112006-1,Lloyd vs. Stone Warrior,2020,435,12
112007-1,Wu vs. Skulkin,2020,435,13
112008-1,Kai vs. Lasha,2020,435,12
112109-1,Wu vs. Garmadon,2021,435,13
112110-1,Cole vs. Lasha,2021,435,14
112111-1,Lloyd vs. Soul Archer,2021,435,10
11717-1,Bricks Bricks Plates,2020,621,1504
11938-1,Robot,2020,22,45
11939-1,Octopus,2020,22,63
11940-1,Fortress,2020,22,52
11941-1,Frog,2020,22,56
11942-1,Lunar Lander,2020,22,45
11943-1,Fire Ant,2020,22,25
11944-1,Skull,2021,22,39
11945-1,Steam Locomotive,2021,22,38
11946-1,Penguin,2021,22,48
11947-1,Time Machine,2021,22,39
11948-1,Carnivorous Plant,2021,22,43
122005-1,Tyrannosaurus Rex,2020,602,65
122006-1,Triceratops,2020,602,65
122007-1,Owen with Canoe,2020,602,17
122008-1,Dino Lab,2020,602,28
122009-1,Vic Hoskins with Buggy,2020,602,35
122010-1,Baby Dino Transport,2020,602,26
122111-1,Stegosaurus,2020,602,64
122112-1,Dr. Wu's Laboratory,2021,602,15
122113-1,Owen with Helicopter,2021,602,31
144110-1,Monkie Kid Promotional Brick,2020,598,0
1465492399-1,Batman vs. The Joker,2020,497,9
1465493263-1,Halloween Ideas,2020,497,30
2000457-1,SPIKE Prime Elements Set,2020,528,374
2000461-1,Discover More,2020,398,12
2000470-1,BricQ Motion Prime Personal Learning Kit,2021,507,78
2000471-1,BricQ Motion Essential Personal Learning Kit,2021,507,62
2000719-1,SPIKE Prime Replacement Pack,2020,507,108
2000720-1,SPIKE Prime Workshop Kit,2020,507,53
21051-1,Tokyo,2020,253,547
21052-1,Dubai,2020,253,740
21054-1,The White House,2020,252,1483
21056-1,Taj Mahal,2021,252,0
21156-1,BigFig Creeper and Ocelot,2020,577,184
21157-1,BigFig Pig with Baby Zombie,2020,577,159
21158-1,The Panda Nursery,2020,577,201
21159-1,The Pillager Outpost,2020,577,303
21160-1,The Illager Raid,2020,577,560
21161-1,The Crafting Box 3.0,2020,577,564
21162-1,The Taiga Adventure,2020,577,74
21163-1,The Redstone Battle,2020,577,511
21164-1,The Coral Reef,2021,577,92
21165-1,The Bee Farm,2020,577,238
21166-1,"The ""Abandoned"" Mine",2020,577,248
21167-1,The Trading Post,2020,577,201
21168-1,The Warped Forest,2021,577,287
21169-1,The First Adventure,2021,577,542
21170-1,The Pig House,2021,577,490
21171-1,The Horse Stable,2021,577,0
21172-1,The Ruined Portal,2021,577,0
21173-1,The Sky Tower,2021,577,0
21174-1,The Modern Treehouse,2021,577,0
21176-1,The Jungle Abomination,2021,577,0
212007-1,Mr. Freeze,2020,697,17
212008-1,Batman,2020,697,13
212009-1,The Riddler,2020,697,10
212010-1,Batman - Mechanical Arms Backpack,2020,697,14
212011-1,The Joker & Catapult,2020,697,17
212012-1,Shazam!,2020,695,8
212113-1,Batman,2021,697,19
212114-1,Robin,2021,697,10
212115-1,Batgirl,2021,617,15
21321-1,International Space Station,2020,576,864
21322-1,Pirates of Barracuda Bay,2020,576,2546
21323-1,Grand Piano,2020,576,3662
21324-1,123 Sesame Street,2020,576,1367
21325-1,Medieval Blacksmith,2021,576,2164
21326-1,Winnie the Pooh,2021,576,1265
242001-1,Spider-Man,2020,702,20
242002-1,Iron Man,2020,702,8
242003-1,Captain Marvel,2020,702,10
242104-1,Venom,2021,706,14
242105-1,Thor,2021,702,9
302001-1,Aurora,2020,579,6
302002-1,Aurora's Rabbit,2020,579,25
302003-1,Cinderella,2020,579,5
302004-1,Lucifer,2020,579,18
302005-1,Belle,2020,579,9
302006-1,Mrs Potts and Chip,2020,579,18
302007-1,Moana,2020,579,11
302008-1,Pig Pua and Turtle,2020,579,18
302101-1,Rapunzel's Dressing Table,2021,579,33
302102-1,Rapunzel & Hairbrush,2021,579,7
302103-1,Cinderella’s Kitchen,2021,579,0
30329-1,My First Giraffe,2020,504,5
30330-1,Birthday Cake,2020,504,8
30331-1,The Nether Duel,2021,577,37
30332-1,My First Space Rocket,2021,504,8
30341-1,Monkie Kid's Delivery Bike,2020,693,22
30342-1,Lamborghini Huracán Super Trofeo EVO,2020,601,70
30343-1,McLaren Elva,2021,601,86
30344-1,Mini Monkey King Warrior Mech,2021,693,65
30366-1,Police Car,2020,61,37
30367-1,Police Helicopter,2020,61,39
30368-1,Fire Rescue Water Scooter,2020,58,34
30369-1,Beach Buggy,2020,52,45
30370-1,Deep Sea Diver,2020,52,22
30385-1,Super Mushroom Surprise Expansion Set,2020,690,18
30386-1,Poe Dameron's X-wing Fighter,2020,158,72
30387-1,Bob Minion with Robot Arms,2021,689,75
30388-1,Imperial Shuttle,2021,158,85
30391-1,Rapunzel's Boat,2021,579,38
30394-1,The Skeleton Defense,2020,577,31
30411-1,Chocolate Box & Flower,2020,494,75
30412-1,Park Picnic,2020,494,44
30413-1,Flower Cart,2021,494,55
30420-1,Harry Potter and Hedwig: Owl Delivery,2020,246,31
30453-1,Captain Marvel and Nick Fury,2020,696,32
30454-1,Shang-Chi and the Great Protector,2021,696,55
30463-1,Chef Enzo's Haunted Hotdogs,2020,676,43
30464-1,El Fuego's Stunt Cannon,2020,676,46
30465-1,Helicopter,2021,1,70
30536-1,Combo Charger,2020,435,71
30537-1,Merchant Avatar Jay,2020,435,56
30539-1,Lloyd's Quad Bike,2021,435,43
30548-1,Build Your Own Birds,2020,22,26
30549-1,Build Your Own Vehicles,2020,22,59
30550-1,Easter Bunny,2020,229,67
30554-1,Cinderella Mini Castle,2020,579,43
30555-1,Poppy's Carriage,2020,682,61
30556-1,Mini Frame,2020,688,85
30557-1,Photo Holder Cube,2021,688,109
30558-1,Raya and the Ongi,2021,608,49
30563-1,Build Your Own Snail With Superpowers,2021,621,36
30564-1,Build Your Own Monster or Vehicles,2021,621,60
30565-1,Birthday Clown,2021,22,59
30566-1,Fire Helicopter,2021,52,41
30567-1,Police Water Scooter,2021,61,33
30568-1,Skater,2021,52,40
30569-1,LEGO Stand,2021,52,47
30574-1,Cat,2020,672,55
30575-1,Train,2020,22,59
30576-1,Holiday Tree,2020,228,70
30577-1,Mega Muscle Car,2021,22,63
30578-1,German Shepherd,2021,672,76
30579-1,Easter Chick Egg,2021,229,52
30591-1,Titanium Mini Mech,2021,435,77
30625-1,Luke Skywalker with Blue Milk,2021,158,6
30628-1,The Monster Book of Monsters,2020,246,320
31099-1,Propeller Plane,2020,672,128
31100-1,Sports Car,2020,672,134
31101-1,Monster Truck,2020,672,163
31102-1,Fire Dragon,2020,672,234
31103-1,Rocket Truck,2020,672,198
31104-1,Monster Burger Truck,2020,672,499
31105-1,Townhouse Toy Store,2020,672,554
31107-1,Space Rover Explorer,2020,672,510
31108-1,Caravan Family Holiday,2020,672,766
31109-1,Pirate Ship,2020,672,1262
31111-1,Cyber Drone,2021,672,113
31112-1,Wild Lion,2021,672,224
31113-1,Race Car Transporter,2021,672,328
31114-1,Superbike,2021,672,236
31115-1,Space Mining Mech,2021,672,327
31116-1,Safari Wildlife Tree House,2021,672,397
31117-1,Space Shuttle Adventure,2021,672,485
31118-1,Surfer Beach House,2021,672,564
31119-1,Ferris Wheel,2021,672,1019
31120-1,Medieval Castle,2021,672,1426
31121-1,Crocodile,2021,672,455
31122-1,Fish Tank,2021,672,352
31197-1,Andy Warhol's Marilyn Monroe,2020,709,3341
31198-1,The Beatles,2020,709,2933
31199-1,Marvel Studios Iron Man,2020,709,3167
31200-1,The Sith,2020,709,3406
31201-1,Harry Potter Hogwarts Crests,2021,709,4249
31202-1,Disney's Mickey Mouse,2021,709,2658
4002020-1,Celebrating 40 Years of Hands-on Learning,2020,599,919
40355-1,Year Of The Rat,2020,206,162
40357-1,BYGGLEK,2020,301,201
40370-1,40 Years of LEGO Trains,2020,598,188
40371-1,Easter Egg,2020,229,239
40372-1,Police Minifigure Accessory Set,2020,61,42
40373-1,Fairground Minifigure Accessory Set,2020,535,51
40374-1,Golden Zane Minifigure Accessory Set,2020,435,73
40375-1,Sports Accessories,2020,646,36
40376-1,Botanical Accessories,2020,646,32
40377-1,Donald Duck,2020,610,90
40378-1,Goofy and Pluto,2020,610,214
40379-1,Bear,2020,610,150
40380-1,Sheep,2020,610,192
40381-1,Monkey King,2020,610,175
40382-1,Birthday Set,2020,206,141
40383-1,Bride,2020,610,306
40384-1,Groom,2020,610,255
40385-1,Trophy,2020,301,200
40386-1,Batman,2020,694,115
40391-1,First Order Stormtrooper,2020,694,151
40393-1,LEGOLAND Fire Academy,2020,425,221
40395-1,Lunar New Year Dragon,2020,409,67
40396-1,Valentine Panda,2020,409,53
40397-1,Goldfish,2020,409,33
40398-1,Easter Bunny,2020,409,43
40399-1,Flowers and Watering Can,2020,409,47
40400-1,Apple Tree,2020,409,37
40401-1,Dog and Cat Friendship Day,2020,409,73
40402-1,Youth Day Kids,2020,409,63
40403-1,Literacy Day Unicorn,2020,409,54
40404-1,Teacher's Day,2020,409,43
40405-1,Kindness Day Turtle,2020,409,49
40406-1,Human Rights Day Dove,2020,409,50
40407-1,Death Star II Battle,2020,158,235
40408-1,Drag Racer,2020,676,134
40409-1,Hot Rod,2020,598,142
40410-1,Charles Dickens Tribute,2020,227,333
40411-1,Creative Fun 12-in-1,2020,598,240
40412-1,Hagrid & Buckbeak,2020,610,270
40413-1,Mini Robots,2020,258,366
40414-1,Monty Mole & Super Mushroom Expansion Set,2020,690,163
40416-1,Ice Skating Rink,2020,206,306
40417-1,Year of the Ox,2021,206,168
40418-1,Falcon & Black Widow Team Up,2020,702,60
40419-1,Hogwarts Students,2020,246,55
40420-1,"Gru, Stuart and Otto",2021,610,244
40421-1,"Belle Bottom, Kevin and Bob",2021,610,309
40422-1,Frankenstein,2020,610,108
40423-1,Halloween Hayride,2020,230,148
40424-1,Winter Snowball Fight,2020,206,149
40425-1,Nutcracker,2020,610,180
40426-1,Christmas Wreath 2-in-1,2020,227,510
40428-1,The Joker,2020,694,170
40429-1,LEGOLAND Ninjago World,2020,425,440
40431-1,BB-8,2020,694,171
40436-1,Lucky Cat,2020,610,134
40438-1,Extra DOTS - Levi's Confetti Bag,2020,688,110
40440-1,German Shepherd and Puppy,2021,610,247
40441-1,Shorthair Cat and Kitten,2021,610,250
40442-1,Goldfish and Fry,2021,610,186
40443-1,Budgie and Chick,2021,610,261
40448-1,Vintage Car,2021,576,189
40449-1,Easter Bunny's Carrot House,2021,229,232
40450-1,Amelia Earhart Tribute,2021,598,203
40451-1,Tatooine Homestead,2021,158,217
40453-1,Batman vs. The Penguin & Harley Quinn,2021,697,63
40454-1,Spider-Man versus Venom and Iron Venom,2021,706,63
40456-1,Mickey Mouse,2021,694,118
40457-1,Minnie Mouse,2021,694,140
40460-1,Roses,2021,301,120
40461-1,Tulips,2021,301,111
40462-1,Valentine's Brown Bear,2021,232,245
40463-1,Easter Bunny,2021,229,293
40464-1,Chinatown,2021,646,35
40465-1,Food,2021,646,36
40466-1,Chinese New Year Pandas,2021,610,249
40468-1,Yellow Taxi,2021,22,124
40469-1,Tuk Tuk,2021,22,155
40472-1,Monkie Kid's RC Race,2021,693,57
40473-1,LEGOLAND Water Park,2021,425,360
40474-1,Build Your Own Monkey King,2020,693,24
40476-1,Daisy Duck,2021,610,0
40477-1,"Scrooge McDuck, Huey, Dewey & Louie",2021,610,0
40479-1,Dalmatian,2021,610,0
40495-1,"Harry, Hermione, Ron & Hagrid",2021,610,0
40496-1,"Voldemort, Nagini & Bellatrix",2021,610,0
40500-1,Wizarding World Minifigure Accessory Set,2021,246,0
40501-1,The Wooden Duck,2020,599,621
40502-1,The Brick Moulding Machine,2021,599,1205
40516-1,Everyone Is Awesome,2021,673,0
4112-1,Book Rack,2020,501,0
41250-1,Techno Reef Dance Party,2020,682,173
41251-1,Poppy’s Pod,2020,682,113
41252-1,Poppy's Hot Air Balloon Adventure,2020,682,255
41253-1,Lonesome Flats Raft Adventure,2020,682,170
41254-1,Volcano Rock City Concert,2020,682,397
41255-1,Pop Village Celebration,2020,682,385
41256-1,Rainbow Caterbus,2020,682,391
41258-1,Vibe City Concert,2020,682,504
41389-1,Ice Cream Cart,2020,494,97
41390-1,Andrea's Car & Stage,2020,494,240
41391-1,Heartlake City Hair Salon,2020,494,235
41392-1,Nature Glamping,2020,494,241
41393-1,Baking Competition,2020,494,350
41394-1,Heartlake City Hospital,2020,494,388
41395-1,Friendship Bus,2020,494,778
41396-1,Puppy Playground,2020,494,57
41397-1,Juice Truck,2020,494,103
41398-1,4+ Stephanie's House,2020,494,170
41400-1,Andrea’s Play Cube,2020,494,49
41401-1,Stephanie’s Play Cube,2020,494,44
41402-1,Olivia’s Play Cube,2020,494,40
41403-1,Mia's Play Cube,2020,494,41
41404-1,Emma's Play Cube,2020,494,36
41405-1,Andrea's Shopping Play Cube,2020,494,40
41406-1,Stephanie's Shopping Play Cube,2020,494,44
41407-1,Olivia's Shopping Play Cube,2020,494,47
41408-1,Mia's Shopping Play Cube,2020,494,37
41409-1,Emma's Shopping Play Cube,2020,494,49
41410-1,Andrea's Summer Play Cube,2020,494,43
41411-1,Stephanie's Summer Play Cube,2020,494,47
41412-1,Olivia's Summer Play Cube,2020,494,48
41413-1,Mia's Summer Play Cube,2020,494,50
41414-1,Emma's Summer Play Cube,2020,494,51
41420-1,Friends Advent Calendar 2020,2020,216,236
41421-1,Baby Elephant Jungle Rescue,2020,494,203
41422-1,Panda Jungle Tree House,2020,494,265
41423-1,Tiger Hot Air Balloon Jungle Rescue,2020,494,302
41424-1,Jungle Rescue Base,2020,494,657
41425-1,Olivia's Flower Garden,2020,494,92
41426-1,Heartlake City Park Café,2020,494,224
41427-1,Emma's Fashion Shop,2020,494,343
41428-1,Beach House,2020,494,444
41429-1,Heartlake City Airplane,2020,494,574
41430-1,Summer Fun Water Park,2020,494,1012
41431-1,Heartlake City Brick Box,2020,494,336
41432-1,Alpaca Rescue in the Jungle,2020,494,512
41433-1,Party Boat,2020,494,640
41434-1,Andrea's Jungle Play Cube,2020,494,47
41435-1,Stephanie's Jungle Play Cube,2020,494,41
41436-1,Olivia's Jungle Play Cube,2020,494,51
41437-1,Mia's Jungle Play Cube,2020,494,43
41438-1,Emma's Jungle Play Cube,2020,494,50
41439-1,Cat Grooming Car,2021,494,60
41440-1,Heartlake City Bakery,2021,494,99
41441-1,Horse Training and Trailer,2021,494,0
41442-1,Vet Clinic Rescue Buggy,2021,494,100
41443-1,Olivia's Electric Car,2021,494,183
41444-1,Heartlake City Organic Café,2021,494,314
41445-1,Vet Clinic Ambulance,2021,494,313
41446-1,Heartlake City Vet Clinic,2021,494,267
41447-1,Heartlake City Park,2021,494,432
41448-1,Heartlake City Movie Theater,2021,494,464
41449-1,Andrea's Family House,2021,494,802
41450-1,Heartlake City Shopping Mall,2021,494,1032
41662-1,Olivia's Flamingo Cube,2021,494,41
41663-1,Emma's Dalmatian Cube,2021,494,41
41664-1,Mia's Pug Cube,2021,494,40
41665-1,Stephanie's Cat Cube,2021,494,46
41666-1,Andrea's Bunny Cube,2021,494,45
41667-1,Olivia's Gaming Cube,2021,494,0
41668-1,Emma's Fashion Cube,2021,494,0
41669-1,Mia's Soccer Cube,2021,494,0
41670-1,Stephanie's Ballet Cube,2021,494,0
41671-1,Andrea's Swimming Cube,2021,494,0
41677-1,Forest Waterfall,2021,494,0
41679-1,Forest House,2021,494,0
41681-1,Forest Camper Van and Sailboat,2021,494,0
41682-1,Heartlake City School,2021,494,0
41683-1,Forest Horseback Riding Center,2021,494,0
41684-1,Heartlake City Grand Hotel,2021,494,0
41685-1,Magical Funfair Roller Coaster,2021,494,0
41686-1,Magical Acrobatics,2021,494,0
41687-1,Magical Funfair Stalls,2021,494,0
41688-1,Magical Caravan,2021,494,0
41689-1,Magical Ferris Wheel and Slide,2021,494,0
41691-1,Doggy Day Care,2021,494,221
41692-1,Vet Clinic Rescue Helicopter,2021,494,249
41693-1,Surfer Beachfront,2021,494,0
41900-1,Rainbow,2020,688,33
41901-1,Funky Animals,2020,688,33
41902-1,Sparkly Unicorn,2020,688,33
41903-1,Cosmic Wonder,2020,688,33
41904-1,Animal Picture Holders,2020,688,425
41905-1,Rainbow Jewelry Stand,2020,688,222
41906-1,Pineapple Pencil Holder,2020,688,353
41907-1,Desk Organizer,2020,688,407
41908-1,Extra DOTS - Series 1,2020,688,99
41909-1,Mermaid Vibes,2021,688,34
41910-1,Ice Cream Besties,2021,688,34
41911-1,Go Team!,2020,688,33
41912-1,Love Birds,2020,688,33
41913-1,Mega Pack,2020,688,282
41914-1,Picture Frame,2020,688,400
41915-1,Jewelry Box,2020,688,376
41916-1,Extra DOTS - Series 2,2020,688,99
41917-1,Magic Forest,2020,688,33
41918-1,Adventure,2021,688,34
41919-1,Power,2020,688,33
41921-1,Extra DOTS - Series 3,2021,688,97
41922-1,Cool Cactus Bracelet,2021,688,33
41923-1,Monster,2021,688,34
41924-1,Secret Holder,2021,688,453
41925-1,Secret Boxes,2021,688,275
41926-1,Creative Party Kit,2021,688,623
41927-1,Bag Tag Dog,2021,688,84
41928-1,Bag Tag Narwhal,2021,688,85
41929-1,Bag Tag Leopard,2021,688,84
41930-1,Bag Tag Panda,2021,688,84
41931-1,Extra DOTS - Series 4,2021,688,91
41932-1,Extra DOTS - Series 5,2021,688,0
41933-1,Music,2021,688,33
41934-1,Starlight,2021,688,34
41935-1,Lots of DOTS,2021,688,0
41936-1,Pencil Holder,2021,688,0
41937-1,Multi Pack - Summer Vibes,2021,688,0
41938-1,Creative Designer Box,2021,688,0
42101-1,Buggy,2020,1,117
42102-1,Mini CLAAS XERION,2020,1,130
42103-1,Dragster,2020,1,225
42104-1,Race Truck,2020,1,227
42105-1,Catamaran,2020,1,404
42106-1,Stunt Show Truck & Bike,2020,1,610
42107-1,Ducati Panigale V4 R,2020,13,646
42108-1,Mobile Crane,2020,1,1292
42109-1,App-Controlled Top Gear Rally Car,2020,1,463
42111-1,Dom’s Dodge Charger,2020,1,1077
42112-1,Cement Mixer,2020,7,1161
42113-1,Bell Boeing V-22 Osprey,2020,6,1636
42114-1,6x6 Volvo Articulated Hauler,2020,7,2193
42115-1,Lamborghini Sián FKP 37,2020,1,3696
42116-1,Skid Steer Loader,2021,1,139
42117-1,Race Plane,2021,1,154
42118-1,Monster Jam Grave Digger,2021,1,212
42119-1,Monster Jam Max-D,2021,1,230
42120-1,Rescue Hovercraft,2021,1,457
42121-1,Heavy-Duty Excavator,2021,1,569
42122-1,Jeep Wrangler,2021,1,665
42123-1,McLaren Senna GTR,2021,1,830
42124-1,Off-Road Buggy,2021,1,374
42125-1,"Ferrari 488 GTE ""AF Corse #51""",2021,1,1677
4285957-1,Santa Carabiner Pen,2021,501,3
43101-0,Bandmates  Series 1 - Random Pack,2021,713,0
43101-1,Ice Cream Saxophonist,2021,713,8
43101-10,Cotton Candy Cheerleader,2021,713,10
43101-11,Bunny Dancer,2021,713,8
43101-12,Werewolf Drummer,2021,713,10
43101-13,Bandmates  Series 1 - Complete,2021,713,0
43101-2,Samurapper,2021,713,10
43101-3,Shark Singer,2021,713,8
43101-4,DJ Cheetah,2021,713,9
43101-5,Genie Dancer,2021,713,9
43101-6,Discowboy,2021,713,9
43101-7,Red Panda Dancer,2021,713,9
43101-8,Banshee Singer,2021,713,10
43101-9,Alien Keytarist,2021,713,9
43102-1,Candy Mermaid BeatBox,2021,713,57
43103-1,Punk Pirate BeatBox,2021,713,59
43104-1,Alien DJ BeatBox,2021,713,59
43105-1,Party Llama BeatBox,2021,713,68
43106-1,Unicorn DJ BeatBox,2021,713,70
43107-1,Hiphop Robot BeatBox,2021,713,59
43108-0,Bandmates  Series 2 - Random Box,2021,713,0
43108-13,Bandmates  Series 2 - Complete,2021,713,0
43109-1,Metal Dragon BeatBox,2021,713,0
43110-1,Folk Fairy BeatBox,2021,713,0
43111-1,Candy Castle Stage,2021,713,0
43112-1,Robo HipHop Car,2021,713,0
43113-1,K-Pawp Concert,2021,713,0
43114-1,Punk Pirate Ship,2021,713,0
43115-1,The Boombox,2021,713,0
43170-1,Moana's Ocean Adventure,2020,579,46
43173-1,Aurora's Royal Carriage,2020,579,62
43174-1,Mulan's Storybook Adventures,2020,579,125
43175-1,Anna and Elsa's Storybook Adventures,2020,687,133
43176-1,Ariel's Storybook Adventures,2020,579,105
43177-1,Belle's Storybook Adventures,2020,579,111
43178-1,Cinderella's Castle Celebration,2020,579,168
43179-1,Mickey Mouse & Minnie Mouse,2020,608,1739
43180-1,Belle's Castle Winter Celebration,2020,579,238
43181-1,Raya and the Heart Palace,2021,608,610
43182-1,Mulan's Training Grounds,2020,579,154
43183-1,Moana's Island Home,2020,579,202
43184-1,Raya and Sisu Dragon,2021,608,216
43185-1,Boun’s Boat,2021,608,247
43186-1,Bruni the Salamander Buildable Character,2021,687,96
43187-1,Rapunzel's Tower,2020,579,369
43188-1,Aurora's Forest Cottage,2020,579,301
43189-1,Elsa and the Nokk Storybook Adventures,2021,687,125
43191-1,Ariel's Celebration Boat,2021,579,115
43192-1,Cinderella’s Royal Carriage,2021,579,237
43194-1,Anna and Elsa's Frozen Wonderland,2021,687,0
43196-1,Belle and the Beast's Castle,2021,579,0
45026-1,Tubes,2020,516,150
45027-1,Letters,2020,516,130
45028-1,My XL World,2020,516,477
45029-1,Animals,2020,516,91
45030-1,People,2020,516,44
45400-1,BricQ Motion Prime,2021,507,560
45401-1,BricQ Motion Essential,2021,507,523
45601-1,Large Hub,2020,529,2
45602-1,Large Angular Motor,2020,529,1
45603-1,Medium Angular Motor,2020,529,1
45604-1,Distance Sensor,2020,529,1
45605-1,Color Sensor,2020,529,1
45606-1,Force Sensor,2020,529,1
45610-1,Large Hub Battery,2020,529,1
45611-1,Micro USB Connector Cable,2020,529,1
45678-1,SPIKE Prime,2020,507,533
45680-1,SPIKE Prime Expansion Set,2020,507,603
45813-1,RePLAY,2020,398,1600
45814-1,PLAYMAKERS Explore Set,2020,398,779
45815-1,PLAYMAKERS Discover Set,2020,398,76
5005341-1,First Order Stormtrooper Key Light,2020,503,0
5005522-1,Storage Head S (Girl),2020,501,0
5005696-1,City: Cop vs. Robber,2020,497,16
5005878-1,Buildable Mother's Day Card,2020,598,48
5005886-1,Storage Head S (Pumpkin),2020,501,0
5005998-1,French Patent LEGO DUPLO Brick 1968,2020,683,0
5006001-1,Spanish Patent LEGO Elements 1958,2020,683,0
5006004-1,"1st Edition Print British Patent, 1968",2020,683,0
5006006-1,German Patent LEGO Toy Car 1963,2020,683,0
5006035-1,Stormtrooper Holiday Bag Tag,2020,501,0
5006057-1,Locking Notebook with Gel Pen,2020,501,0
5006074-1,Lester Key Light,2020,503,0
5006087-1,Hydration Bottle with Strap (Clear),2020,501,0
5006148-1,International Space Station Patch,2020,598,0
5006152-1,Minifigure Display Case 8 (Black),2020,501,8
5006157-1,Play and Display Case,2020,501,6
5006161-1,Storage Head S (Silly),2020,501,0
5006171-1,The United Trinity Statue,2020,673,37
5006186-1,Storage Head S (Winking),2020,501,0
5006201-1,Brick Erasers,2021,501,0
5006203-1,Paint Party Puzzle,2020,501,0
5006205-1,Brick Notebook,2020,501,0
5006207-1,Still Life with Bricks: 100 Collectible Postcards,2020,497,0
5006208-1,Storage Brick Drawer (4-Stud White),2020,501,0
5006209-1,Storage Brick Drawer (8-Stud White),2020,501,0
5006210-1,Storage Head Mini (Silly),2020,501,0
5006211-1,Storage Head Mini (Winking),2020,501,0
5006215-1,Picture Frame,2020,501,0
5006218-1,HYPE X LEGO NINJAGO Jay Kids’ Oversized T-Shirt,2021,501,0
5006219-1,HYPE X LEGO NINJAGO Kai Kids’ Oversized T-Shirt,2021,501,0
5006220-1,HYPE X LEGO NINJAGO Nya Kids’ T-Shirt,2021,501,0
5006223-1,HYPE X LEGO NINJAGO Squad Script T-Shirt,2021,501,0
5006227-1,HYPE X LEGO NINJAGO Grey Just Hype Faces Pullover Hoodie,2021,501,0
5006228-1,HYPE X LEGO NINJAGO Grey Just Hype Faces Sweatpants,2021,501,0
5006230-1,Wall Hanger Rack,2020,501,0
5006231-1,HYPE X LEGO NINJAGO Nya Adults’ T-Shirt,2021,501,0
5006232-1,HYPE X LEGO NINJAGO Nya Adults’ Shorts,2021,501,0
5006233-1,HYPE X LEGO NINJAGO Squad Logo Adults’ Long Sleeve T-Shirt,2021,501,0
5006236-1,HYPE X LEGO NINJAGO Black Just Hype Faces T-Shirt,2021,501,0
5006237-1,HYPE X LEGO NINJAGO Gray Just Hype Faces T-Shirt,2021,501,0
5006258-1,Storage Head Mini (Boy),2020,501,0
5006260-1,Organizer Cubes,2021,501,0
5006262-1,Build Yourself Happy,2021,497,0
5006272-1,Secret Diary with Lock,2021,688,30
5006273-1,Notebook with Elastic Band,2021,688,18
5006274-1,Marker 6 Pack,2021,688,40
5006275-1,Gel Pen 6 Pack,2021,688,25
5006277-1,Hard Pencil Case,2021,688,48
5006278-1,Round 4x4 Key Chain,2021,688,12
5006279-1,Single Gel Pen with DOTS (Lavender),2021,688,8
5006287-1,Single Gel Pen with DOTS (Medium Azure),2021,688,8
5006288-1,Key Chain with Mini Notebook,2021,688,21
5006289-1,Pencil Box with Minifigure,2020,501,5
5006290-1,Yoda's Lightsaber,2020,158,140
5006291-1,2x4 Teal Brick,2020,598,110
5006293-1,Chariot,2020,598,127
5006294-1,Mechanical Pencil with Minifigure,2021,501,5
5006295-1,Notebook with 1 Pen [Minifigure],2021,501,0
5006303-1,"Fiat Art Print: ""Tutto Bene""",2020,501,0
5006304-1,"Fiat Art Print: ""Three Cars""",2020,501,0
5006305-1,"Fiat Art Print: ""Nuova Italia""",2020,501,0
5006306-1,"Fiat Art Print: ""Rome""",2020,501,0
5006307-1,"Fiat Art Print: ""Modern""",2020,501,0
5006309-1,"Fiat Art Print: ""Florentine""",2020,501,0
5006310-1,"Fiat Art Print: ""Nuova Russo""",2020,501,0
5006330-1,VIP Metal Key Chain,2020,503,1
5006357-1,Stocking - Green Brick,2020,501,0
5006360-1,Minifigure Packable Patch Backpack,2020,501,0
5006363-1,Han Solo in Carbonite Metal Key Ring,2020,503,0
5006364-1,The Mandalorian Key Light,2020,503,0
5006365-1,Nurse Key Light,2020,503,0
5006366-1,Surgeon Key Light,2020,503,0
5006367-1,The Mandalorian with The Child Bag Tag,2020,501,0
5006368-1,The Child Bag Tag,2020,501,0
5006371-1,Nurse Bag Tag,2020,501,0
5006372-1,Lightsaber Gel Pen Multipack,2020,501,0
5006376-1,Surgeon Bag Tag,2020,501,0
5006405-1,Levi's x LEGO Logo T-Shirt (Minifigure),2020,501,0
5006414-1,Levi's x LEGO Logo T-Shirt (Black Brick),2020,501,0
5006416-1,Levi's x LEGO Logo T-Shirt (Yellow Brick),2020,501,0
5006420-1,Levi's x LEGO Logo T-Shirt (Minifigure Head),2020,501,0
5006468-1,Space Logo Collectible Coin,2021,501,0
5006469-1,Octan Logo Collectible Coin,2021,501,0
5006471-1,Pirates Logo Collectible Coin,2021,501,0
5006472-1,Castle Logo Collectible Coin,2021,501,0
5006473-1,Collectable Coin Display Case,2021,501,0
5006482-1,VIP Holiday Gift Set,2020,501,0
5006526-1,adidas x LEGO Sport Infant Shoes [Blue],2021,501,0
5006527-1,adidas x LEGO Sport Infant Shoes [Red],2021,501,0
5006528-1,adidas x LEGO Sport Infant Shoes [Yellow],2021,501,0
5006529-1,adidas x LEGO Sport Junior Shoes,2021,501,0
5006530-1,adidas x LEGO Sport Junior Shoes,2021,501,0
5006531-1,adidas x LEGO Sport Junior Shoes,2021,501,0
5006532-1,adidas x LEGO Sport Kids Shoes,2021,501,0
5006533-1,adidas x LEGO Sport Kids Shoes,2021,501,0
5006534-1,adidas x LEGO Sport Kids Shoes,2021,501,0
5006535-1,adidas x LEGO DUPLO Onesie,2021,501,0
5006536-1,adidas x LEGO DUPLO Onesie,2021,501,0
5006537-1,adidas x LEGO DUPLO Onesie,2021,501,0
5006538-1,adidas x LEGO DUPLO T-Shirt and Shorts Set,2021,501,0
5006539-1,adidas x LEGO DUPLO T-Shirt and Shorts Set,2021,501,0
5006540-1,adidas x Classic LEGO Bricks Boxy Hoodie,2021,501,0
5006541-1,adidas x Classic LEGO Bricks Boxy Hoodie,2021,501,0
5006543-1,adidas x Classic LEGO Cuffed Pants,2021,501,0
5006544-1,adidas x Classic LEGO Graphic T-Shirt,2021,501,0
5006545-1,adidas x Classic LEGO Graphic T-Shirt,2021,501,0
5006546-1,adidas x Classic LEGO Graphic T-Shirt,2021,501,0
5006548-1,adidas x Classic LEGO Graphic T-Shirt,2021,501,0
5006549-1,adidas x Classic LEGO Graphic T-Shirt,2021,501,0
5006550-1,adidas x Classic LEGO Bricks Half-Zip Warm Jacket,2021,501,0
5006551-1,adidas x Classic LEGO Bricks Half-Zip Warm Jacket,2021,501,0
5006553-1,adidas x Classic LEGO Two-In-One Slim Pants,2021,501,0
5006554-1,adidas x Classic LEGO Hoodie and Pants Set,2021,501,0
5006555-1,adidas x Classic LEGO Hoodie and Pants Set,2021,501,0
5006556-1,adidas x Classic LEGO Sweatshirt and Pants Set,2021,501,0
5006557-1,adidas x Classic LEGO Sweatshirt and Pants Set,2021,501,0
5006558-1,adidas x Classic LEGO Bricks Sweatshirt,2021,501,0
5006559-1,adidas x Classic LEGO Bricks Sweatshirt,2021,501,0
5006560-1,adidas x Classic LEGO Bricks Sweatshirt,2021,501,0
5006562-1,adidas x Classic LEGO Bricks Techfit Tights,2021,501,0
5006565-1,adidas x Classic LEGO Bricks Long Sleeve Fitted T-Shirt,2021,501,0
5006566-1,adidas x Classic LEGO Bricks Loose Fit T-Shirt,2021,501,0
5006567-1,adidas x Classic LEGO Bricks Loose Fit T-Shirt,2021,501,0
5006568-1,adidas x Classic LEGO Bricks Loose Fit T-Shirt,2021,501,0
5006569-1,adidas x Classic LEGO T-Shirt,2021,501,0
5006588-1,Brick Bookrack (Bright Red),2021,501,0
5006594-1,VIP Ghostbusters Art Print,2020,501,0
5006604-1,Drinking Bottle (Red),2021,501,0
5006605-1,Drinking Bottle (Blue),2021,501,0
5006606-1,Drinking Bottle - Large (Red),2021,501,0
5006607-1,Drinking Bottle - Large (Blue),2021,501,0
5006608-1,3-Drawer Storage Rack (Gray),2021,501,0
5006609-1,Brick Shelf 8 Knobs (Blue),2021,501,0
5006610-1,Brick Shelf 8 Knobs (Black),2021,501,0
5006611-1,Brick Shelf 8 Knobs (White),2021,501,0
5006612-1,Brick Shelf 8 Knobs (Gray),2021,501,0
5006613-1,Brick Bookrack (Blue),2021,501,0
5006614-1,Brick Bookrack (Black),2021,501,0
5006615-1,Brick Bookrack (White),2021,501,0
5006616-1,Brick Bookrack (Pink),2021,501,0
5006617-1,Brick Bookrack (Gray),2021,501,0
5006618-1,Brick Shelf 4 Knobs (Blue),2021,501,0
5006619-1,Brick Shelf 4 Knobs (Black),2021,501,0
5006620-1,Brick Shelf 4 Knobs (White),2021,501,0
5006621-1,Brick Shelf 4 Knobs (Gray),2021,501,0
5006622-1,The Child Plush,2021,501,0
5006623-1,Yoda Plush,2020,501,0
5006624-1,Chewbacca Plush,2020,501,0
5006625-1,Unicorn Girl Plush,2020,501,0
5006626-1,Butterfly Girl Plush,2020,501,0
5006627-1,Shark Suit Guy Plush,2020,501,0
5006628-1,BricQ Motion Essential Hybrid Learning Classroom Starter Pack,2021,507,0
5006631-1,BricQ Motion Prime Hybrid Learning Classroom Starter Pack,2021,507,0
5006636-1,adidas x LEGO Backpack,2021,501,0
5006637-1,adidas x LEGO Two-in-One Convertible Bag,2021,501,0
5006638-1,adidas x LEGO Engineered Crew Socks 3 Pairs,2021,501,0
5006639-1,adidas x LEGO Graphic Cap,2021,501,0
5006640-1,adidas x LEGO Graphic Cap,2021,501,0
5006641-1,adidas x LEGO Bottle,2021,501,0
5006642-1,adidas x LEGO Crew Socks 3 Pairs,2021,501,0
5006643-1,adidas x Classic LEGO Bricks Half-Zip Warm Jacket,2021,501,0
5006655-1,Porsche Welcome Pack,2021,501,0
5006662-1,HYPE X LEGO NINJAGO Eyes Cap,2021,501,0
5006663-1,HYPE X LEGO NINJAGO Just Hype Faces Backpack,2021,501,0
5006666-1,HYPE X LEGO NINJAGO Cityscape Backpack,2021,501,0
5006667-1,HYPE X LEGO NINJAGO Nya Backpack,2021,501,0
5006744-1,Ulysses Space Probe,2021,598,236
5006771-1,VIDIYO Sticker Sheet,2021,501,2
5006814-1,"Winnie the Pooh Sketch: ""Friday""",2021,501,0
5006815-1,"Winnie the Pooh Sketch: ""Paths""",2021,501,0
5006816-1,"Winnie the Pooh Sketch: ""Buddy Boys""",2021,501,0
5006817-1,"Winnie the Pooh Sketch: ""Good Day""",2021,501,0
5006818-1,"Winnie the Pooh Sketch: ""Hello""",2021,501,0
51515-1,Robot Inventor,2020,258,949
562001-1,Cake Decorating Set,2020,494,35
562002-1,Olivia's Snack Stand,2020,494,30
562003-1,Vet Set,2020,494,32
562004-1,Cute Dog,2020,494,31
562005-1,Dressing Table,2020,494,36
562006-1,Beach Bar,2020,494,30
562007-1,Sweet Dolphin,2020,494,21
562008-1,Sea Lion,2020,494,28
562009-1,Andrea's Magic Show,2020,494,30
562010-1,Turtle's Paradise,2020,494,29
562011-1,Stephanie's Pizza Bakery,2020,494,32
562012-1,Hamster Sled,2020,494,21
562101-1,Performing Dog,2021,494,19
562102-1,Dressing Table,2021,494,32
562103-1,Cat Grooming Salon,2021,494,25
60241-1,Police Dog Unit,2020,61,65
60242-1,Police Highway Arrest,2020,61,185
60243-1,Police Helicopter Chase,2020,61,212
60244-1,Police Helicopter Transport,2020,61,317
60245-1,Police Monster Truck Heist,2020,61,362
60246-1,Police Station,2020,61,731
60247-1,Forest Fire,2020,58,84
60248-1,Fire Helicopter Response,2020,58,93
60249-1,Street Sweeper,2020,63,89
60250-1,Mail Plane,2020,52,74
60251-1,Monster Truck,2020,52,55
60252-1,Construction Bulldozer,2020,56,126
60253-1,Ice-cream Truck,2020,52,200
60254-1,Race Boat Transporter,2020,52,239
60255-1,Stunt Team,2020,52,62
60256-1,Racing Cars,2020,63,190
60257-1,Service Station,2020,52,354
60258-1,Tuning Workshop,2020,52,897
60260-1,Air Race,2020,53,140
60261-1,Central Airport,2020,53,286
60262-1,Passenger Airplane,2020,53,669
60263-1,Ocean Mini Submarine,2020,52,41
60264-1,Ocean Exploration Submarine,2020,52,286
60265-1,Ocean Exploration Base,2020,52,497
60266-1,Ocean Exploration Ship,2020,52,747
60267-1,Safari Off-roader,2020,64,168
60268-1,City Advent Calendar 2020,2020,208,342
60270-1,Police Brick Box,2020,61,301
60271-1,Main Square,2020,52,1518
60272-1,Elite Police Boat Transport,2020,61,166
60273-1,Elite Police Driller Chase,2020,61,179
60274-1,Elite Police Lighthouse Arrest,2020,61,189
60275-1,Police Helicopter,2021,52,51
60276-1,Police Prisoner Transport,2021,61,244
60277-1,Police Patrol Boat,2021,61,276
60279-1,Fire Hazard Truck,2021,58,88
60280-1,Fire Ladder Truck,2021,58,88
60281-1,Fire Rescue Helicopter,2021,58,212
60282-1,Fire Command Unit,2021,58,380
60283-1,Holiday Camper Van,2021,52,190
60284-1,Roadwork Truck,2021,52,58
60285-1,Sports Car,2021,52,89
60286-1,Beach Rescue ATV,2021,52,79
60287-1,Tractor,2021,57,148
60288-1,Race Buggy Transporter,2021,52,210
60289-1,Airshow Jet Transporter,2021,52,281
60290-1,Skate Park,2021,52,195
60291-1,Family House,2021,52,388
60292-1,Town Center,2021,52,791
60300-1,Wildlife Rescue ATV,2021,52,0
60301-1,Wildlife Rescue Off-Roader,2021,52,0
60302-1,Wildlife Rescue Operation,2021,52,0
60304-1,Road Plates,2021,52,112
60305-1,Car Transporter,2021,52,342
60306-1,Shopping Street,2021,52,533
60307-1,Wildlife Rescue Camp,2021,52,0
60308-1,Seaside Police and Fire Mission,2021,52,0
6142702-1,Fire Helmet,2020,501,0
6171875-1,Fire Axe,2020,501,0
6291437-1,Sakura Tree,2020,252,147
6311297-1,Lucky the Rat,2020,206,39
6311302-1,Holly the Rat,2020,598,36
6317939-1,Peach Flower Vase,2020,598,160
6317941-1,Traditional Drum,2020,686,91
6317942-1,Chinese New Year Display Box,2020,686,87
6322718-1,Leifeng Pagoda,2020,408,0
6322719-1,Hangzhou Brickheadz,2020,610,0
6324146-1,The Great Wall,2020,408,98
6336798-1,Summer Arcade,2020,598,93
6336800-1,Ice Hockey,2020,598,146
6336801-1,Bumper Cars,2020,598,92
6337009-1,Summer Clown,2020,408,118
6339339-1,Gift Box for Double Eleven,2020,598,130
6349153-1,Dapeng,2020,408,154
6349566-1,Snowflake,2020,598,97
6349570-1,Pagoda,2021,686,104
6349571-1,Lantern,2021,686,33
6351965-1,Rickshaw and Paifang Gateway,2021,598,168
66635-1,Super Mech Pack,2020,696,0
66636-1,Super Pack 2 in 1,2020,52,0
66637-1,City Super Pack 2 in 1,2020,52,0
66640-1,City Vehicles Bundle,2020,52,0
66642-1,Ultimate Designer Kit,2020,688,2
66643-1,3-in-1 Bundle Pack,2020,52,0
66645-1,City Space Bundle,2020,679,0
66646-1,Minecraft Bundle,2020,577,0
66647-1,Speed Champions Bundle,2020,601,0
66648-1,Swing Ride,2020,598,106
66649-1,Carousel,2020,598,109
66650-1,Ferris Wheel,2020,598,109
66651-1,Roller Coaster,2020,598,109
66657-1,Series 21 6 Pack,2021,712,0
66662-1,City Car Bundle,2021,52,0
66664-1,Bundle Pack,2021,688,0
66665-1,Bundle Pack,2021,688,0
66667-1,Looney Tunes - 6 Pack,2021,714,0
70427-1,Welcome to the Hidden Side,2020,676,189
70428-1,Jack's Beach Buggy,2020,676,170
70429-1,El Fuego's Stunt Plane,2020,676,303
70430-1,Newbury Subway,2020,676,356
70431-1,The Lighthouse of Darkness,2020,676,548
70432-1,Haunted Fairground,2020,676,474
70433-1,J.B.'s Submarine,2020,676,224
70434-1,Supernatural Race Car,2020,676,244
70435-1,Newbury Abandoned Prison,2020,676,400
70436-1,Phantom Fire Truck 3000,2020,676,761
70437-1,Mystery Castle,2020,676,1035
70685-1,Spinjitzu Burst Cole,2020,435,48
70686-1,Spinjitzu Burst Kai,2020,435,48
70687-1,Spinjitzu Burst Lloyd,2020,435,48
71026-0,DC Comics Super Heroes - Random Bag,2020,684,0
71026-1,Mister Miracle,2020,684,10
71026-10,Batman,2020,684,10
71026-11,Huntress,2020,684,10
71026-12,Metamorpho,2020,684,7
71026-13,Joker,2020,684,11
71026-14,Bumblebee,2020,684,10
71026-15,The Flash,2020,684,10
71026-16,Bat-Mite,2020,684,9
71026-17,DC Comics Super Heroes - Complete - All Sets,2020,684,0
71026-18,DC Comics Super Heroes - Sealed Box,2020,684,0
71026-2,Wonder Woman,2020,684,9
71026-3,Aquaman,2020,684,8
71026-4,Stargirl,2020,684,9
71026-5,Sinestro,2020,684,10
71026-6,Cheetah,2020,684,9
71026-7,Superman,2020,684,9
71026-8,Green Lantern,2020,684,9
71026-9,Cyborg,2020,684,8
71027-0,Series 20 - Random Bag,2020,692,0
71027-1,Piñata Kid,2020,692,9
71027-10,Martial Arts Boy,2020,692,6
71027-11,Athlete,2020,692,8
71027-12,Sea Rescuer,2020,692,12
71027-13,Green Brick Suit Guy,2020,692,6
71027-14,80's Musician,2020,692,6
71027-15,Pajama Girl,2020,692,6
71027-16,Drone Boy,2020,692,13
71027-17,Series 20 - Complete,2020,692,0
71027-18,Series 20 - Sealed Box,2020,692,0
71027-2,Breakdancer,2020,692,8
71027-3,Peapod Costume Girl,2020,692,6
71027-4,Tournament Knight,2020,692,8
71027-5,Pirate Girl,2020,692,7
71027-6,Space Fan,2020,692,10
71027-7,Llama Costume Girl,2020,692,7
71027-8,Viking,2020,692,9
71027-9,Super Warrior,2020,692,6
71028-0,Wizarding World of Harry Potter Series 2 - Random Bag,2020,691,0
71028-1,Harry Potter,2020,691,9
71028-10,Fred Weasley,2020,691,10
71028-11,George Weasley,2020,691,7
71028-12,Bellatrix Lestrange,2020,691,8
71028-13,Kingsley Shacklebolt,2020,691,8
71028-14,Moaning Myrtle,2020,691,10
71028-15,Professor Pomona Sprout,2020,691,9
71028-16,Neville Longbottom,2020,691,9
71028-17,Wizarding World of Harry Potter Series 2 - Complete - All Sets,2020,691,0
71028-18,Wizarding World of Harry Potter Series 2 - Sealed Box,2020,691,0
71028-2,Albus Dumbledore,2020,691,8
71028-3,Hermione Granger,2020,691,7
71028-4,Ron Weasley,2020,691,7
71028-5,Luna Lovegood,2020,691,7
71028-6,Griphook,2020,691,7
71028-7,Lily Potter,2020,691,7
71028-8,James Potter,2020,691,8
71028-9,Ginny Weasley,2020,691,8
71029-0,Series 21 - Random Bag,2021,712,0
71029-1,Paddle Surfer,2021,712,9
71029-10,Space Police Guy,2021,712,12
71029-11,Alien,2021,712,6
71029-12,Cabaret Singer,2021,712,10
71029-13,Series 21 - Complete - All Sets,2021,712,0
71029-14,Series 21 - Sealed Box,2021,712,0
71029-2,Violin Kid,2021,712,7
71029-3,Shipwreck Survivor,2021,712,9
71029-4,Ladybug Girl / Ladybird Girl,2021,712,8
71029-5,Pug Costume Guy,2021,712,6
71029-6,Centaur Warrior,2021,712,8
71029-7,Beekeeper,2021,712,8
71029-8,Ancient Warrior,2021,712,7
71029-9,Airplane Girl,2021,712,9
71030-0,Looney Tunes - Random Bag,2021,714,0
71030-1,Lola Bunny,2021,714,5
71030-10,Marvin the Martian,2021,714,7
71030-11,Petunia Pig,2021,714,7
71030-12,Porky Pig,2021,714,8
71030-13,Looney Tunes - Complete - All Sets,2021,714,0
71030-14,Looney Tunes - Sealed Box,2021,714,0
71030-2,Bugs Bunny,2021,714,6
71030-3,Wile E Coyote,2021,714,9
71030-4,Road Runner,2021,714,9
71030-5,Tweety,2021,714,10
71030-6,Sylvester,2021,714,6
71030-7,Daffy Duck,2021,714,7
71030-8,Speedy Gonzales,2021,714,8
71030-9,Taz the Tasmanian Devil,2021,714,9
71360-1,Adventures with Mario Starter Course,2020,690,231
71361-0,Character Pack Series 1 - Random Bag,2020,690,0
71361-1,Paragoomba,2020,690,24
71361-10,Peepa,2020,690,21
71361-11,Character Pack Series 1 - Complete Set,2020,690,146
71361-12,Character Pack Series 1 - Sealed Box,2020,690,0
71361-2,Fuzzy,2020,690,29
71361-3,Spiny,2020,690,20
71361-4,Buzzy Beetle,2020,690,16
71361-5,Bullet Bill,2020,690,25
71361-6,Bob-omb,2020,690,22
71361-7,Eep Cheep,2020,690,26
71361-8,Blooper,2020,690,20
71361-9,Urchin,2020,690,27
71362-1,Guarded Fortress Expansion Set,2020,690,468
71363-1,Desert Pokey Expansion Set,2020,690,180
71364-1,Whomp's Lava Trouble Expansion Set,2020,690,133
71365-1,Piranha Plant Power Slide Expansion Set,2020,690,217
71366-1,Boomer Bill Barrage Expansion Set,2020,690,132
71367-1,Mario's House & Yoshi Expansion Set,2020,690,205
71368-1,Toad's Treasure Hunt Expansion Set,2020,690,464
71369-1,Bowser's Castle Boss Battle Expansion Set,2020,690,1010
71370-1,Fire Mario Power-Up Pack,2020,690,11
71371-1,Propeller Mario Power-Up Pack,2020,690,13
71372-1,Cat Mario Power-Up Pack,2020,690,11
71373-1,Builder Mario Power-Up Pack,2020,690,10
71374-1,Nintendo Entertainment System,2020,690,2646
71376-1,Thwomp Drop Expansion Set,2020,690,393
71377-1,King Boo and the Haunted Yard Expansion Set,2020,690,431
71380-1,Master Your Adventure Maker Set,2021,690,366
71381-1,Chain Chomp Jungle Encounter Expansion Set,2021,690,160
71382-1,Piranha Plant Puzzling Challenge Expansion Set,2021,690,267
71383-1,Wiggler’s Poison Swamp Expansion Set,2021,690,374
71384-1,Penguin Mario Power-Up Pack,2021,690,18
71385-1,Tanooki Mario Power-Up Pack,2021,690,13
71386-0,Character Pack Series 2 - Random Bag,2021,690,0
71386-1,Huckit Crab,2021,690,24
71386-10,Bone Goomba,2021,690,22
71386-11,Character Pack Series 2 - Complete Set,2021,690,0
71386-12,Character Pack Series 2 - Sealed Box,2021,690,0
71386-2,Spiny Cheep Cheep,2021,690,25
71386-3,Ninji,2021,690,23
71386-4,Foo,2021,690,33
71386-5,Parachute Goomba,2021,690,24
71386-6,Para-Beetle,2021,690,20
71386-7,Poison Mushroom,2021,690,14
71386-8,Thwimp,2021,690,27
71386-9,Fly Guy,2021,690,32
71387-1,Adventures with Luigi Starter Course,2021,690,0
71699-1,Thunder Raider,2020,435,548
71700-1,Jungle Raider,2020,435,127
71701-1,Kai's Fire Dragon,2020,435,81
71702-1,Golden Mech,2020,435,489
71703-1,Storm Fighter Battle,2020,435,166
71704-1,Kai Fighter,2020,435,513
71705-1,Destiny's Bounty,2020,435,1783
71706-1,Cole's Speeder Car,2020,435,52
71707-1,Kai's Mech Jet,2020,435,226
71708-1,Gamer's Market,2020,435,228
71709-1,Jay and Lloyd's Velocity Racers,2020,435,323
71710-1,Ninja Tuner Car,2020,435,427
71711-1,Jay's Cyber Dragon,2020,435,527
71712-1,Empire Temple of Madness,2020,435,820
71713-1,Empire Dragon,2020,435,295
71714-1,Kai Avatar - Arcade Pod,2020,435,58
71715-1,Jay Avatar - Arcade Pod,2020,435,56
71716-1,Lloyd Avatar - Arcade Pod,2020,435,49
71717-1,Journey to the Skull Dungeons,2020,435,401
71718-1,Wu's Battle Dragon,2020,435,321
71719-1,Zane's Mino Creature,2020,435,617
71720-1,Fire Stone Mech,2020,435,977
71721-1,Skull Sorcerer's Dragon,2020,435,1016
71722-1,Skull Sorcerer's Dungeons,2020,435,1180
71730-1,Epic Battle Set - Kai vs. Skulkin,2021,435,70
71731-1,Epic Battle Set - Zane vs. Nindroid,2021,435,66
71732-1,Epic Battle Set - Jay vs. Serpentine,2021,435,78
71733-1,Epic Battle Set - Cole vs. Ghost Warrior,2021,435,60
71734-1,Kai's Blade Cycle,2021,435,0
71735-1,Tournament of Elements,2021,435,292
71736-1,Boulder Blaster,2021,435,449
71737-1,X-1 Ninja Charger,2021,435,599
71738-1,Zane's Titan Mech Battle,2021,435,840
71739-1,Ultra Sonic Raider,2021,435,0
71740-1,Jay's Electro Mech,2021,435,106
71741-1,NINJAGO City Gardens,2021,435,5709
71742-1,Overlord Dragon,2021,435,372
71745-1,Lloyd's Jungle Chopper Bike,2021,435,183
71746-1,Jungle Dragon,2021,435,506
71747-1,The Keeper's Village,2021,435,637
71748-1,Catamaran Sea Battle,2021,435,782
71749-1,Final Flight of Destiny's Bounty,2021,435,0
71750-1,Lloyd's Hydro Mech,2021,435,0
71752-1,Ninja Sub Speeder,2021,435,0
71753-1,Fire Dragon Attack,2021,435,0
71754-1,Water Dragon,2021,435,0
71755-1,Temple of the Endless Sea,2021,435,0
71756-1,Hydro Bounty,2021,435,0
75263-1,Resistance Y-wing Microfighter,2020,158,86
75264-1,Kylo Ren's Shuttle Microfighter,2020,158,72
75265-1,T-16 Skyhopper vs. Bantha Microfighters,2020,158,198
75266-1,Sith Troopers Battle Pack,2020,158,105
75267-1,Mandalorian Battle Pack,2020,158,107
75268-1,Snowspeeder,2020,158,91
75269-1,Duel on Mustafar,2020,158,208
75270-1,Obi-Wan's Hut,2020,158,200
75271-1,Luke Skywalker's Landspeeder,2020,158,236
75272-1,Sith TIE Fighter,2020,158,470
75273-1,Poe Dameron's X-wing Fighter,2020,158,761
75274-1,TIE Fighter Pilot,2020,158,724
75275-1,A-Wing Starfighter,2020,171,1672
75276-1,Stormtrooper,2020,158,647
75277-1,Boba Fett,2020,158,625
75278-1,D-O,2020,158,519
75279-1,Star Wars Advent Calendar 2020,2020,209,312
75280-1,501st Legion Clone Troopers,2020,158,285
75281-1,Anakin’s Jedi Interceptor,2020,158,248
75283-1,Armoured Assault Tank (AAT),2020,158,286
75284-1,Knights of Ren Transport Ship,2020,158,595
75286-1,General Grievous’s Starfighter,2020,158,487
75288-1,AT-AT,2020,158,1267
75290-1,Mos Eisley Cantina,2020,158,3187
75291-1,Death Star Final Duel,2020,158,775
75292-1,The Mandalorian Bounty Hunter Transport,2020,158,1023
75293-1,Resistance I-TS Transport,2020,158,932
75294-1,Bespin Duel,2020,158,295
75295-1,Millennium Falcon Microfighter,2021,158,101
75297-1,Resistance X-Wing,2021,158,60
75298-1,AT-AT vs. Tauntaun Microfighters,2021,158,205
75299-1,Trouble on Tatooine,2021,158,276
75300-1,Imperial TIE Fighter,2021,158,432
75301-1,Luke Skywalker's X-Wing Fighter,2021,158,474
75302-1,Imperial Shuttle,2021,158,660
75304-1,Darth Vader,2021,158,834
75305-1,Scout Trooper,2021,158,471
75306-1,Imperial Probe Droid,2021,158,693
75308-1,R2-D2,2021,158,2313
75314-1,The Bad Batch Attack Shuttle,2021,158,0
75317-1,The Mandalorian & The Child,2020,610,295
75318-1,The Child,2020,158,1073
75546-1,Minions in Gru’s Lab,2021,689,87
75547-1,Minion Pilot in Training,2021,689,119
75549-1,Unstoppable Bike Chase,2020,689,136
75550-1,Minions Kung Fu Battle,2021,689,310
75551-1,Brick-Built Minions and Their Lair,2020,689,876
75939-1,Dr. Wu's Lab: Baby Dinosaurs Breakout,2020,602,164
75940-1,Gallimimus and Pteranodon Breakout,2020,602,391
75941-1,Indominus rex vs. Ankylosaurus,2020,602,537
75942-1,Velociraptor: Biplane Rescue Mission​,2020,602,101
75966-1,Hogwarts Room of Requirement,2020,246,194
75967-1,Forbidden Forest: Umbridge’s Encounter,2020,246,254
75968-1,4 Privet Drive,2020,246,797
75969-1,Hogwarts Astronomy Tower,2020,246,971
75978-1,Diagon Alley,2020,246,5549
75979-1,Hedwig,2020,246,630
75980-1,Attack on The Burrow,2020,246,1052
75981-1,Harry Potter Advent Calendar 2020,2020,710,335
76140-1,Iron Man Mech,2020,702,148
76141-1,Thanos Mech,2020,702,152
76142-1,Avengers Speeder Bike Attack,2020,702,251
76143-1,Avengers Truck Take-down,2020,702,486
76146-1,Spider-Man Mech,2020,706,160
76147-1,Vulture's Trucker Robbery,2020,706,93
76148-1,Spider-Man vs. Doc Ock,2020,706,242
76149-1,The Menace of Mysterio,2020,706,163
76150-1,Spiderjet vs. Venom Mech,2020,706,383
76151-1,Venomosaurus Ambush,2020,706,648
76152-1,Avengers Wrath of Loki,2020,702,223
76153-1,Avengers Helicarrier,2020,702,1248
76157-1,Wonder Woman vs. Cheetah,2020,695,371
76158-1,Batboat The Penguin Pursuit!,2020,697,54
76159-1,Joker's Trike Chase,2020,697,440
76160-1,Mobile Bat Base,2020,697,743
76161-1,1989 Batwing,2020,698,2363
76162-1,Black Widow's Helicopter Chase,2020,696,271
76163-1,Venom Crawler,2020,706,413
76164-1,Iron Man Hulkbuster versus A.I.M. Agent,2020,702,456
76165-1,Iron Man,2020,705,480
76166-1,Avengers Tower Battle,2020,702,725
76167-1,Iron Man Armory,2020,702,258
76168-1,Captain America Mech Armor,2021,702,121
76169-1,Thor Mech Armor,2021,702,139
76170-1,Iron Man vs. Thanos,2021,702,103
76171-1,Miles Morales Mech Armor,2021,706,133
76172-1,Spider-Man and Sandman Showdown,2021,706,45
76173-1,Spider-Man and Ghost Rider vs. Carnage,2021,706,221
76174-1,Spider-Man's Monster Truck vs. Mysterio,2021,706,447
76175-1,Attack on the Spider Lair,2021,706,482
76176-1,Escape From The Ten Rings,2021,696,321
76177-1,Ancient Village,2021,696,405
76178-1,Daily Bugle,2021,696,0
76180-1,Batman vs. The Joker: Batmobile Chase,2021,697,136
76182-1,Batman Cowl,2021,697,410
76186-1,Black Panther Dragon Flyer,2021,696,0
76187-1,Venom,2021,696,565
76188-1,Batman Classic TV Series Batmobile,2021,697,345
76189-1,Captain America and Hydra Face-Off,2021,696,0
76190-1,Iron Man: Iron Monger Mayhem,2021,705,0
76191-1,Infinity Gauntlet,2021,696,0
76192-1,Avengers: Endgame Final Battle,2021,702,0
76193-1,The Guardians’ Ship,2021,704,0
76198-1,Spider-Man & Doctor Octopus Mech Battle,2021,706,312
76199-1,Carnage,2021,706,546
76382-1,Hogwarts Moment: Transfiguration Class,2021,246,241
76383-1,Hogwarts Moment: Potions Class,2021,246,271
76384-1,Hogwarts Moment: Herbology Class,2021,246,233
76385-1,Hogwarts Moment: Charms Class,2021,246,256
76386-1,Hogwarts: Polyjuice Potion Mistake,2021,246,0
76387-1,Hogwarts: Fluffy Encounter,2021,246,0
76388-1,Hogsmeade Village Visit,2021,246,0
76389-1,Hogwarts Chamber Of Secrets,2021,246,0
76392-1,Hogwarts Wizard's Chess,2021,246,0
76393-1,Harry Potter & Hermione Granger,2021,246,0
76394-1,"Fawkes, Dumbledore's Phoenix",2021,246,0
76395-1,Hogwarts: First Flying Lesson,2021,246,0
76895-1,Ferrari F8 Tributo,2020,601,278
76896-1,Nissan GT-R NISMO,2020,601,301
76897-1,1985 Audi Sport quattro S1,2020,601,253
76898-1,Formula E Panasonic Jaguar Racing GEN2 car & Jaguar I-PACE eTROPHY,2020,601,571
76899-1,Lamborghini Urus ST-X & Lamborghini Huracán Super Trofeo EVO,2020,601,666
76900-1,Koenigsegg Jesko,2021,601,0
76901-1,Toyota GR Supra,2021,601,0
76902-1,McLaren Elva,2021,601,0
76903-1,Chevrolet Corvette C8.R Race Car and 1968 Chevrolet Corvette,2021,601,0
76904-1,Mopar Dodge//SRT Top Fuel Dragster and 1970 Dodge Challenger T/A,2021,601,0
76905-1,Ford GT Heritage Edition and Bronco R,2021,601,0
77904-1,Nebulon-B Frigate,2020,158,459
77905-1,Taskmaster's Ambush,2020,696,230
77906-1,Wonder Woman,2020,695,255
77907-1,Toad's Special Hideaway Expansion Set,2020,690,120
792004-1,El Fuego,2020,676,9
792005-1,Epic Haunted Biker,2020,676,7
792006-1,J.B.,2020,676,9
792007-1,Haunted Worker,2020,676,8
792008-1,Possessed Mechanic,2020,676,8
792009-1,Jack + Spencer,2020,676,6
80006-1,White Dragon Horse Bike,2020,693,259
80007-1,Iron Bull Tank,2020,693,430
80008-1,Monkie Kid's Cloud Jet,2020,693,529
80009-1,Pigsy's Food Truck,2020,693,832
80010-1,Demon Bull King,2020,693,1051
80011-1,Red Son's Inferno Truck,2020,693,1111
80012-1,Monkey King Warrior Mech,2020,693,1629
80013-1,Monkie Kid's Team Secret HQ,2020,693,1965
80014-1,Sandy's Speedboat,2020,693,394
80015-1,Monkie Kid's Cloud Roadster,2020,693,659
80016-1,The Flaming Foundry,2020,693,1427
80018-1,Monkie Kid's Cloud Bike,2021,693,203
80019-1,Red Son's Inferno Jet,2021,693,299
80020-1,White Dragon Horse Jet,2021,693,565
80021-1,Monkie Kid's Lion Guardian,2021,693,775
80022-1,Spider Queen's Arachnoid Base,2021,693,1170
80023-1,Monkie Kid's Team Dronecopter,2021,693,1471
80024-1,The Legendary Flower Fruit Mountain,2021,693,1949
80104-1,Lion Dance,2020,686,882
80105-1,Chinese New Year Temple Fair,2020,686,1664
80106-1,Story of Nian,2021,686,1080
80107-1,Spring Lantern Festival,2021,686,1793
81007-1,Design Your Own LEGO City Set,2020,52,0
852945-1,Kit Fisto Key Chain,2021,503,0
853596-1,Pirate Hat (Pink),2021,501,0
853597-1,Pirate Shield (Pink),2021,501,0
853607-2,Sweet & Sunny Build a Minifigure Collection,2020,425,15
853804-1,Lion Sword,2020,501,0
853807-1,Dragon Sword,2020,501,0
853812-1,LEGOLAND Hydration Bottle,2020,501,0
853934-1,Pirate Hat,2021,501,0
853936-1,Pirate Eye Patch,2021,501,0
853937-1,Dragon Dress Up,2020,501,0
853940-1,Lion Dress Up,2020,501,0
853943-1,Princess Dress Up,2020,501,0
853944-1,Pirate Girl Dress Up,2020,501,0
853945-1,Pirate Dress Up,2020,501,0
853961-1,Friends Activity Book,2020,497,0
853967-2,Wooden Minifigure (Colette Mon Amour Limited Edition),2020,683,1
853984-1,Ninjago Fork,2020,501,0
853985-1,Keytana,2020,501,0
853986-1,Customizable Weapon Set,2020,501,0
853989-1,Celebration Bag Charm,2020,503,29
853990-1,Easter Bunny House,2020,229,57
853992-1,2 x 4 Black Metal Key Chain,2020,503,1
853993-1,2 x 4 Bright Blue Key Chain,2020,503,1
853995-1,Crayon Girl Key Chain,2020,503,0
853996-1,Jay Key Chain,2020,503,0
853997-1,Lloyd Key Chain,2020,503,0
853998-1,Mickey Key Chain,2020,503,0
853999-1,Minnie Key Chain,2020,503,0
854000-1,Friends Bag Charm,2020,503,0
854003-1,Poppy Key Chain,2020,503,0
854004-1,Branch Key Chain,2020,503,0
854005-1,Duke DeTain Key Chain,2020,503,0
854006-1,Venom Key Chain,2020,503,0
854011-1,Eiffel Tower Magnet Build,2020,501,29
854012-1,London Magnet Build,2020,501,27
854013-1,LEGOLAND Build Magnet,2020,425,33
854014-1,LEGO House Woman Key Chain,2020,503,0
854015-1,LEGO House Magnet,2020,501,25
854018-1,Police Handcuffs & Badge,2020,501,0
854021-1,Creative Bag Charm,2020,503,17
854022-1,Pirate Sword,2020,501,0
854023-1,Princess Sword,2020,501,0
854024-1,Princess Horse Shield,2020,501,0
854025-1,Pirate Shield,2020,501,0
854026-1,Dragon Shield,2020,501,0
854028-1,Lion Shield,2020,501,0
854030-1,Empire State Building Magnet Build,2020,501,26
854031-1,Statue of Liberty Magnet,2020,501,11
854032-1,New York Key Chain,2020,503,0
854033-1,Ninjago Sword of Destiny,2020,501,0
854034-1,Crossing Katanas,2020,501,0
854035-1,Heavy Duty Fire Axe,2020,501,0
854037-1,Christmas Ornament Santa,2020,227,44
854038-1,Christmas Ornament Reindeer,2020,227,34
854039-1,Watermelon Guy Key Chain,2020,503,0
854040-1,Happy Santa Key Chain,2020,503,0
854041-1,Happy Helper Elf Key Chain,2020,503,0
854043-1,Otto,2021,503,0
854048-1,Road Tape,2020,646,36
854049-1,Pumpkin & Bat Duo,2020,230,133
854050-1,Snowman & Reindeer Duo,2020,227,126
854064-1,Captain Marvel Key Chain,2020,503,0
854065-1,Water Tape,2020,646,24
854066-1,Birthday Guy Key Chain,2020,503,0
854068-1,China Flower Girl Key Chain,2020,503,0
854071-1,Stuart,2021,503,0
854074-1,Jade Blade,2021,501,0
854076-1,Lord Garmadon's Mega Weapon,2021,501,0
854077-1,Spider-Ham Key Chain,2021,503,0
854078-1,Thanos,2021,503,0
854080-1,Peapod Girl Key Chain,2021,503,0
854081-1,Llama Girl Key Chain,2021,503,0
854082-1,Lady Liberty,2021,503,0
854084-1,2x4 White Metallic Key Chain,2021,503,1
854088-1,Forbidden City Magnet Build,2020,501,27
854111-1,Donald Duck,2021,503,0
854112-1,Daisy Duck,2021,503,0
854114-1,Harry Potter,2021,503,0
854115-1,Hermione,2021,503,0
854116-1,Ron,2021,503,0
854117-1,Ross Geller,2021,503,0
854118-1,Chandler Bing,2021,503,0
854119-1,Joey Tribbiani,2021,503,0
854120-1,Rachel Green,2021,503,0
854121-1,Monica Geller,2021,503,0
854122-1,Phoebe Buffay,2021,503,0
854124-1,The Mandalorian,2021,503,0
854125-1,Sword of Fire,2021,501,0
854126-1,Lloyd's Dao with Sheath,2021,501,0
854145-1,Elmo Key Chain,2021,503,0
854146-1,Cookie Monster Key Chain,2021,503,0
862011-1,Diver and Sawfish,2020,52,10
8710823003677-1,City: Duke's Missie,2020,497,17
871082300572500120-1,Build & Celebrate Easter,2020,497,30
88012-1,Technic Hub,2020,1,1
88013-1,Technic Large Motor,2020,1,1
88014-1,Technic XL Motor,2020,1,1
88015-1,Battery Box,2021,655,1
892059-1,Kai,2020,435,6
892060-1,Lloyd,2020,435,6
892061-1,Ice Emperor,2020,435,10
892062-1,Cole,2020,435,21
892063-1,Nya,2020,435,10
892064-1,Jay,2020,435,13
892065-1,Zane,2020,435,16
892066-1,Lloyd,2020,435,8
892067-1,Kai,2020,435,7
892068-1,Richie,2020,435,8
892069-1,Jay,2020,435,12
892070-1,Murt,2020,435,11
892071-1,Cole,2020,435,12
892076-1,Thunder Keeper,2021,435,10
892172-1,Lloyd,2021,435,11
892173-1,Zane,2021,435,14
892174-1,Skull Sorcerer,2021,435,7
892175-1,Jay,2021,435,12
912055-1,Snowspeeder,2020,158,28
912056-1,TIE Striker,2020,158,28
912057-1,R2-D2 & MSE-6,2020,158,13
912058-1,Darth Maul's Sith Infiltrator,2020,158,34
912059-1,Elite Praetorian Guard,2020,158,7
912060-1,A-Wing,2020,158,44
912061-1,AT-AT,2020,158,51
912062-1,Stormtrooper,2020,158,5
912063-1,Resistance X-Wing,2020,158,42
912064-1,Sith Eternal TIE Dagger,2020,158,37
912065-1,Luke Skywalker,2020,158,7
912066-1,Jedi Interceptor,2020,158,33
912067-1,Tie Interceptor,2020,158,42
912168-1,Mandalorian Warrior,2021,158,7
912169-1,Emperor Palpatine,2021,158,7
912170-1,V-Wing,2021,158,45
912171-1,TIE Bomber,2021,158,28
92176-1,NASA Apollo Saturn V,2020,576,1969
92177-1,Ship in a Bottle,2020,576,962
94751-1,Friends Tote Bag,2020,501,0
952001-1,Policeman & Motorbike,2020,61,15
952002-1,Bobby Brenner with Extinguishing Drone,2020,58,17
952003-1,Eddy Erker with Bulldozer,2020,56,27
952005-1,Dirk Drifter's First Racing Car,2020,52,26
952008-1,Jet-ski,2020,52,15
952009-1,Clemmons With Fire Quad,2020,58,31
952010-1,"Pete Python, Daredevil PI",2020,63,15
952011-1,Duke DeTain,2020,61,17
952012-1,Scuba Diver,2020,52,13
952016-1,Policeman and robber,2020,61,10
952018-1,Harl Hubbs with Tamping Rammer,2020,56,20
952019-1,Scuba Diver and Shark,2020,52,12
952101-1,Policeman and Helicopter,2021,61,31
952102-1,Builder with Epic Digger,2021,56,21
952103-1,Policeman & Motorcycle,2021,61,13
952104-1,Firefighter With Equipment,2021,58,19
952105-1,Doctor and Patient,2021,52,21
9780241409190-1,Epic History,2020,497,53
9780241467770-1,Life Hacks,2021,497,0
9780241467794-1,Magical Ideas,2021,497,0
9780241469347-1,Super Nature,2021,497,51
9780241469392-1,Harry Potter: Hogwarts at Christmas,2021,497,4
9780744024463-1,Minifigure Handbook,2020,497,0
9780744027266-1,Ninjago Character Encyclopedia New Edition,2021,497,5
9780744027273-1,Star Wars: Yoda's Galaxy Atlas,2021,497,6
9780744028539-1,Jurassic World: The Dino Files,2021,497,5
9780744028652-1,Minifigure Mission,2021,497,0
9780744039672-1,How to Build LEGO Houses,2021,497,0
9780744039689-1,How to Build LEGO Cars,2021,497,0
9780744044614-1,Mighty LEGO Mechs,2021,497,0
9780794448080-1,Let's Play Quidditch,2021,497,6
9781338581881-1,Jurassic World: Dinosaur Adventures,2020,497,6
9781338592412-1,DC Comics Super Heroes: Night Patrol,2020,497,7
9781338603453-1,Gear Bots,2020,498,62
9781338613025-1,Hidden Side: Ghosts From The Other Side,2020,497,5
9781338613667-1,"Harry Potter: Witches, Wizards, Creatures, and More! UPDATED Character Handbook",2020,497,5
9781338638530-1,Adventure With Buckbeak!,2020,497,8
9781452179629-1,Still Life with Bricks: The Art of Everyday Play,2020,497,0
9781452182254-1,Small Parts: The Secret Life of Minifigures,2020,497,0
9781452182278-1,Minifigure Puzzle,2020,501,0
9781452182315-1,We Just Click,2021,497,0
9781465489555-1,Ninjago: Choose Your Ninja Mission,2020,497,9
9781465489562-1,Star Wars Character Encyclopedia: New Edition,2020,497,7
9781465492357-1,Cute Ideas,2020,497,35
9781465492371-1,Magical Treasury: A Visual Guide to the Wizarding World,2020,497,5
9781465493279-1,Jurassic World: Build Your Own Adventure,2020,497,64
9781465493286-1,City: Build Your Own Adventure: Catch The Crooks,2020,497,69
9781465497864-1,The LEGO Games Book,2020,497,45
9781797210186-1,Ice Cream Dreams Puzzle,2020,501,0
9781797210193-1,Minifigure Faces Puzzle,2020,501,0
9781797210711-1,Brick Playing Cards,2021,497,0
9781797210728-1,Rainbow Bricks Puzzle,2021,501,0
9781797210735-1,2022 LEGO Wall Calendar,2021,501,0
9781912707782-1,Harry Potter: Sticker Scenes,2020,497,0
9781913072315-1,Harry Potter: Hogwarts Yearbook 2020,2020,497,8
9781913399009-1,Harry Potter: Hogwarts Adventures,2020,497,8
9781913399023-1,"Ninjago: Ready, Players?",2020,497,8
9781913399085-1,Star Wars: Amazing Starships,2020,497,5
9781913865351-1,LEGO Time For Adventure Day of Fun,2021,497,4
9781913865368-1,LEGO Time For Adventure The Mission,2021,497,4
9781913865375-1,LEGO Time For Adventure Big City,2021,497,4
9781913865382-1,LEGO Time For Adventure Ready For Action,2021,497,5
9781913865405-1,LEGO Time For Adventure A New Challenge,2021,497,4
9782378890315-1,DC Comics Super Heroes - Les énigmes de Lex Luthor,2020,497,4
9783960805137-1,Rätselspaß für mutige Magier,2021,497,11
9783960805809-1,Rätselspass für Wahre Helden,2020,497,7
9783960805847-1,Rätselspaß mit Garmadon,2021,497,10
BACKPACK-1,Cars Backpack,2020,501,0
BAG-1,Ninjago Lloyd Energy Explorer Premium Set,2020,501,0
BAG-2,Friends Confetti Easy Set,2020,501,0
BAG-3,Ninjago Kai Easy Set,2020,501,0
BAG-4,Ninjago Jay Explorer Premium Set,2020,501,0
BAG-5,City Police Easy Set,2020,501,0
BAM2020-3,Halloween Minifigure Collection,2020,408,15
BAM2020-4,Christmas Trio - 2020,2020,408,14
BAM2021-1,Minifig Wave 1 2021,2021,408,10
BOOKANDPENCIL-1,Book and Pencil,2020,301,19
BOTTLE-3,Minifigure Head Drinking Bottle (Boy),2020,501,0
DUTCHVANDER-1,"""Dutch"" Vander",2021,598,0
DVD-1,Shazam: Magic and Monsters (DVD),2020,501,0
DVD-4,Jurassic World: Legend of Isla Nublar (DVD),2020,501,0
DVD-9,Jurassic World: Double Trouble (DVD),2020,501,0
FACEMASK-1,LEGOLAND Face Cover (Blue),2021,501,0
FACEMASK-2,LEGOLAND Face Cover (LEGOLAND Skyline),2021,501,0
FACEMASK-3,LEGOLAND Face Cover (Stars),2021,501,0
FANDOME2020-1,Supergirl,2020,695,0
FIESTA2020-1,LEGOLAND Discovery Center San Antonio Fiesta 2020 Medal,2020,425,0
FLLCGAMEGUIDE2020-1,RePLAY Robot Game Rulebook,2020,398,0
FLLCNOTEBOOK2020-1,RePLAY Engineering Notebook,2020,398,0
FLLCTEAMGUIDE2020-1,RePLAY Team Meeting Guide,2020,398,0
FLLDNOTEBOOK2020-1,PLAYMAKERS Engineering Notebook (FLL Discover),2020,398,0
FLLDTEAMGUIDE2020-1,PLAYMAKERS Team Meeting Guide (FLL Discover),2020,398,0
FLLENOTEBOOK2020-1,PLAYMAKERS Engineering Notebook (FLL Explore),2020,398,0
FLLETEAMGUIDE2020-1,PLAYMAKERS Team Meeting Guide (FLL Explore),2020,398,0
GINGERORNAMENT-1,Gingerbread Man Ornament,2020,227,72
GLADIATOR-1,Ancient Rome Comes Back To Life,2020,598,9
GOLDCOIN-1,VIP Collectible Gold Coin,2021,598,0
HOLIDAYORNAMENT-1,Holiday Ornament,2020,227,96
HOTDOGTRUCK-1,Hot Dog Truck,2020,52,77
HYPEBAG-1,HYPE X LEGO NINJAGO Shopping Bag,2021,501,0
HYPECAP-1,HYPE X LEGO NINJAGO Kai Cap,2021,501,0
ICECREAMTRUCK-1,Ice Cream Truck,2020,494,60
IKEAKIT-1,BYGGLEK Children Kit,2021,501,0
LANYARD1-1,Minifigure Heads Lanyard,2020,501,0
LEGO-Build-a-Mini-3,2020 Build-A-Minifigure Station Exclusive Parts,2020,408,40
LEGO-Build-a-Mini-4,2021 Build-A-Minifigure Station Exclusive Parts,2021,408,6
LLMAGNET-1,LEGOLAND Billund 2020 Magnet,2020,425,0
LNYPAGODA-1,LNY Pagoda and LNY Lantern,2021,686,0
LOGOTOTE-1,Logo Tote Bag,2020,501,0
LOUNGEPANTS-1,LEGOLAND Minifigure Lounge Pants,2021,501,0
LUGGAGE-1,I Love LEGOLAND (Male) Luggage Tag,2020,501,0
LUGGAGE-2,I Love LEGOLAND (Female) Luggage Tag,2020,501,0
LUGGAGE-3,Ollie Luggage Tag,2020,501,0
LUNARNEWYEAR-1,Lunar New Year Bundle,2020,686,0
MINIFIGCOL-1,Cool & Cute Minifigure Collection,2020,408,15
MMOUTON-1,Michele Mouton (Michèle Mouton),2020,598,4
MONKIEKIDHEAD-1,Monkie Kid Iconic Storage Head S,2020,501,0
NEWSSTAND-1,Newsstand,2020,155,155
PE770439-1,BYGGLEK Medium Box,2020,501,6
PE770439-2,BYGGLEK Large Box,2020,501,6
PE770441-1,BYGGLEK Extra Small / Small Box Set,2020,501,9
PENGUIN-1,Penguin,2020,621,24
PETORNAMENT-1,Happy Holiday Pet Ornament,2020,227,44
PINBALL-1,Pinball Machine,2020,598,102
PLUSH-13,Darth Vader Minifigure Plush,2020,501,0
PLUSH-14,Stormtrooper Minifigure Plush,2020,501,0
PLUSH-2,Olivia Plush,2020,501,0
PLUSH-3,I Love LEGOLAND Plush (Female),2020,501,0
PLUSH-5,Ollie Plush,2020,501,0
PLUSH-6,Ninjago Kai Minifigure Plush,2020,501,0
PLUSH-7,I Love LEGOLAND Plush (Male),2020,501,0
PLUSH-8,Ninjago Jay Minifigure Plush,2020,501,0
PLUSH-9,Ninjago Lloyd Minifigure Plush,2020,501,0
RAT-1,Easy Build Building Happening Rat x 1,2020,206,754
SLEIGHORNAMENT-1,Rocket Sleigh Ornament,2020,227,75
SMMM-1,Classic Suit Miles Morales,2020,706,0
TEDDYBEAR-1,Teddy Bear,2020,232,67
THROW-1,LEGOLAND Totally Bricks of the Heart Throw,2020,501,0
THROW-2,LEGOLAND City Foiled Again Plush Throw,2020,501,0
THROW-3,LEGOLAND Ninjago Year of the Dragon Plush Throw,2020,501,0
THROW-4,LEGOLAND Unicorn Girl Wishes Plush Throw,2020,501,0
THROW-5,DUPLO Land Plush Throw,2020,501,0
THROW-6,Systar Sisterhood Plush Throw,2020,501,0
TOTEBAG-1,LEGOLAND Shark & Mermaid Beach Tote Bag,2020,501,0
TOUCAN2020-1,Toucan,2020,621,22
TOWEL-1,Cars Microfiber Towel,2020,501,0
TOWEL-2,LEGOLAND Shark Boy Towel,2020,501,0
TOWEL-3,LEGOLAND Mermaid Girl Towel,2020,501,0
TRADINGCARD-3,Create the World Trading Cards: Living Amazingly,2020,501,139
VIDIYO-TILES-1,VIDIYO Tiles,2021,713,80
VIDIYOVIP-1,VIDIYO VIP Welcome Pack,2021,501,0
WALLET-1,LEGOLAND Minifigure Emoji Collection Wallet (Blue),2020,501,0
WALLET-2,Minifigure Print Wallet,2020,501,0
WOODENELEPHANT-1,Vip Sweepstake Wooden Elephant,2021,598,0
ZX8000-1,ZX 8000 LEGO Sneaker,2020,501,0